#{"t_start": 1709720996.7075238, "env_id": "sumo-rl-rs-v0"}
r,l,t
20505.54,3000,6.260744
20865.11,3000,12.579429
20744.68,3000,18.472508
21360.19,3000,24.409434
20748.85,3000,30.611047
